EmployeeID,AbsenceDuration_Days,AbsentHours,Age,Gender,MaritalStatus,NumberOfDependents,Shift,Tenure_Years,AnnualLeaveBalance,SickLeaveBalance,MaternityLeaveBalance,PaternityLeaveBalance,RiskCategory
E0001,10.0,80,26,Female,Single,0,Day,8,11.5,2.5,84,0,Low
E0002,42.0,336,38,Male,Single,0,Day,2,14.0,0.0,0,5,Moderate
E0003,18.0,144,41,Male,Married,1,Night,0,12.0,7.0,0,5,Low
E0004,41.0,328,31,Female,Single,0,Day,13,14.0,0.0,84,0,Moderate
E0005,48.5,388,29,Male,Married,3,Day,11,12.0,0.0,0,5,High
E0006,33.5,268,42,Female,Single,0,Day,8,13.0,7.0,84,0,Moderate
E0007,25.0,200,26,Male,Single,0,Day,8,13.5,7.0,0,1,Low
E0008,56.0,448,40,Male,Married,2,Day,14,13.0,7.0,0,0,High
E0009,28.0,224,22,Female,Married,1,Day,4,13.0,0.0,84,0,Moderate
E0010,30.5,244,29,Female,Single,0,Day,9,13.5,0.0,84,0,Moderate
E0011,23.0,184,23,Female,Married,2,Day,5,12.5,7.0,84,0,Low
E0012,9.0,72,27,Female,Single,0,Day,8,8.0,6.5,84,0,Low
E0013,17.0,136,32,Male,Single,0,Night,7,14.0,7.0,0,2,Low
E0014,77.0,616,20,Male,Married,3,Day,2,13.0,0.0,0,5,High
E0015,17.0,136,20,Female,Married,2,Night,2,13.0,7.0,84,0,Low
E0016,16.0,128,31,Male,Married,2,Day,11,13.0,6.0,0,5,Low
E0017,32.0,256,27,Male,Single,0,Night,2,14.0,0.0,0,5,Moderate
E0018,34.5,276,20,Female,Single,0,Day,2,14.0,4.0,84,0,Moderate
E0019,15.0,120,34,Male,Married,0,Day,3,14.0,5.0,0,5,Low
E0020,67.5,540,23,Female,Single,0,Day,3,13.5,5.5,38,0,High
E0021,19.0,152,32,Male,Single,0,Night,12,13.5,7.0,0,5,Low
E0022,51.0,408,44,Male,Married,1,Night,11,13.5,0.0,0,5,High
E0023,33.5,268,44,Male,Single,0,Day,3,4.5,5.0,0,5,Moderate
E0024,50.0,400,32,Female,Single,0,Day,4,14.0,5.5,84,0,High
E0025,42.0,336,20,Male,Married,2,Day,2,13.0,7.0,0,5,Moderate
E0026,33.5,268,39,Male,Single,0,Day,1,13.0,5.5,0,5,Moderate
E0027,18.5,148,22,Male,Single,1,Day,1,13.0,6.5,0,5,Low
E0028,16.0,128,41,Male,Married,0,Day,11,13.0,6.5,0,5,Low
E0029,83.0,664,45,Female,Married,2,Day,0,14.0,6.0,7,0,High
E0030,38.0,304,25,Male,Married,2,Night,7,13.5,0.0,0,5,Moderate
E0031,54.5,436,20,Male,Single,0,Night,2,12.0,0.0,0,5,High
E0032,12.5,100,23,Male,Single,0,Day,3,13.5,6.0,0,5,Low
E0033,78.5,628,28,Female,Married,2,Day,8,8.5,7.0,23,0,High
E0034,28.0,224,44,Male,Single,0,Day,15,13.0,5.0,0,5,Moderate
E0035,29.0,232,45,Female,Married,0,Night,4,11.5,7.0,84,0,Moderate
E0036,9.5,76,24,Female,Single,1,Day,6,13.0,2.0,84,0,Low
E0037,39.0,312,22,Female,Married,0,Night,3,14.0,7.0,84,0,Moderate
E0038,78.5,628,25,Female,Married,2,Day,7,14.0,5.0,26,0,High
E0039,59.5,476,37,Male,Married,1,Night,3,11.0,3.0,0,5,High
E0040,12.5,100,20,Male,Married,0,Day,2,13.0,6.5,0,5,Low
E0041,30.5,244,22,Female,Single,0,Day,4,10.5,0.0,84,0,Moderate
E0042,24.5,196,42,Male,Married,1,Night,11,14.0,0.0,0,5,Low
E0043,58.5,468,21,Male,Single,0,Night,3,10.5,3.0,0,5,High
E0044,50.5,404,35,Male,Single,0,Day,11,14.0,0.0,0,5,High
E0045,18.0,144,33,Female,Single,0,Night,0,14.0,0.0,84,0,Low
E0046,16.0,128,33,Female,Single,0,Day,4,12.0,0.0,84,0,Low
E0047,44.0,352,42,Male,Single,0,Day,5,10.0,7.0,0,5,High
E0048,25.5,204,45,Female,Married,1,Day,14,14.0,0.0,84,0,Low
E0049,37.5,300,29,Female,Single,0,Day,11,13.5,0.0,84,0,Moderate
E0050,41.0,328,26,Male,Single,0,Night,8,14.0,2.0,0,0,Moderate
E0051,26.0,208,45,Male,Married,0,Day,15,13.5,1.0,0,5,Low
E0052,33.0,264,33,Female,Single,0,Day,6,13.0,0.0,84,0,Moderate
E0053,33.5,268,41,Male,Married,2,Day,5,13.0,7.0,0,2,Moderate
E0054,44.5,356,36,Male,Married,2,Day,7,14.0,0.0,0,5,High
E0055,18.5,148,40,Male,Married,0,Day,3,13.5,4.0,0,5,Low
E0056,34.5,276,34,Female,Married,0,Day,0,14.0,0.0,84,0,Moderate
E0057,23.5,188,43,Male,Married,1,Day,13,12.0,4.5,0,5,Low
E0058,78.0,624,42,Female,Married,0,Day,1,13.0,7.0,26,0,High
E0059,29.0,232,41,Female,Married,0,Day,15,13.5,7.0,84,0,Moderate
E0060,40.5,324,24,Female,Single,0,Day,4,11.5,0.0,84,0,Moderate
E0061,26.0,208,41,Male,Married,0,Night,3,10.0,0.0,0,5,Low
E0062,93.5,748,24,Female,Married,1,Day,6,13.5,3.0,33,0,High
E0063,34.5,276,24,Male,Married,2,Day,6,14.0,7.0,0,5,Moderate
E0064,58.5,468,45,Female,Married,0,Day,7,13.0,4.0,84,0,High
E0065,10.0,80,35,Female,Single,0,Night,7,8.0,6.0,84,0,Low
E0066,24.5,196,31,Male,Married,0,Night,11,14.0,5.0,0,5,Low
E0067,91.5,732,22,Female,Married,1,Day,4,11.5,7.0,12,0,High
E0068,46.5,372,33,Male,Single,0,Day,7,12.0,2.0,0,5,High
E0069,32.0,256,45,Female,Married,1,Day,4,6.0,1.0,84,0,Moderate
E0070,28.0,224,37,Female,Single,0,Night,8,12.5,3.0,84,0,Moderate
E0071,40.5,324,23,Male,Single,0,Night,5,14.0,5.5,0,5,Moderate
E0072,70.5,564,23,Male,Single,0,Night,4,13.5,0.0,0,5,High
E0073,44.5,356,31,Female,Single,0,Day,0,14.0,0.0,84,0,High
E0074,28.0,224,36,Female,Married,0,Day,3,12.0,0.0,84,0,Moderate
E0075,40.0,320,31,Female,Single,0,Night,13,14.0,3.0,84,0,Moderate
E0076,34.0,272,39,Female,Single,0,Day,8,12.0,0.0,84,0,Moderate
E0077,33.5,268,39,Female,Married,0,Day,4,14.0,1.0,84,0,Moderate
E0078,28.5,228,29,Female,Married,2,Night,10,12.0,6.5,84,0,Moderate
E0079,42.5,340,30,Male,Married,0,Night,5,14.0,0.0,0,5,High
E0080,26.5,212,26,Female,Married,1,Day,4,13.5,7.0,84,0,Low
E0081,27.5,220,24,Male,Married,0,Day,6,7.5,1.0,0,5,Low
E0082,27.5,220,44,Female,Married,1,Day,5,13.0,6.0,84,0,Low
E0083,37.5,300,26,Female,Married,2,Day,1,14.0,0.0,84,0,Moderate
E0084,22.5,180,45,Female,Married,0,Day,12,12.0,1.0,84,0,Low
E0085,5.5,44,44,Male,Single,0,Day,5,14.0,6.5,0,2,Low
E0086,21.0,168,45,Male,Married,0,Day,4,13.5,0.0,0,5,Low
E0087,43.0,344,30,Female,Married,2,Day,8,14.0,1.5,84,0,High
E0088,37.0,296,36,Female,Single,0,Day,15,13.5,0.0,84,0,Moderate
E0089,36.5,292,42,Male,Married,1,Day,7,13.0,3.0,0,5,Moderate
E0090,36.0,288,40,Male,Married,1,Day,11,13.5,0.0,0,5,Moderate
E0091,95.5,764,24,Female,Married,3,Day,4,14.0,0.0,34,0,High
E0092,65.0,520,39,Female,Married,0,Night,1,13.0,0.0,84,0,High
E0093,25.5,204,38,Female,Single,0,Night,1,13.0,4.0,84,0,Low
E0094,46.5,372,32,Male,Married,0,Night,0,12.5,0.0,0,5,High
E0095,47.5,380,30,Female,Single,0,Night,12,9.0,0.0,84,0,High
E0096,9.5,76,20,Female,Single,1,Day,2,13.0,6.0,84,0,Low
E0097,40.0,320,36,Female,Single,0,Day,4,10.0,5.0,84,0,Moderate
E0098,36.5,292,24,Female,Single,0,Day,0,14.0,7.0,84,0,Moderate
E0099,41.5,332,38,Male,Married,1,Day,11,14.0,5.0,0,2,Moderate
E0100,29.5,236,27,Male,Married,1,Day,9,13.0,7.0,0,5,Moderate
E0101,17.5,140,20,Female,Single,0,Day,2,13.5,6.5,84,0,Low
E0102,38.0,304,34,Female,Single,0,Night,6,8.5,0.0,84,0,Moderate
E0103,33.5,268,25,Female,Married,1,Day,7,14.0,0.0,84,0,Moderate
E0104,35.5,284,38,Female,Married,0,Night,13,12.5,7.0,84,0,Moderate
E0105,47.5,380,42,Female,Single,1,Day,0,12.0,7.0,84,0,High
E0106,30.5,244,29,Female,Married,0,Day,11,14.0,0.0,84,0,Moderate
E0107,49.5,396,30,Female,Single,0,Day,12,14.0,0.0,84,0,High
E0108,34.0,272,30,Male,Married,0,Day,12,14.0,7.0,0,2,Moderate
E0109,53.0,424,37,Female,Single,0,Day,9,10.0,3.5,84,0,High
E0110,37.0,296,42,Male,Single,0,Day,2,14.0,0.0,0,5,Moderate
E0111,6.5,52,36,Female,Single,0,Day,8,14.0,5.0,84,0,Low
E0112,36.5,292,41,Male,Married,2,Day,3,12.5,6.5,0,5,Moderate
E0113,18.0,144,20,Male,Single,0,Day,2,13.0,0.5,0,5,Low
E0114,33.5,268,41,Male,Married,2,Day,13,13.5,7.0,0,5,Moderate
E0115,61.5,492,43,Male,Single,0,Day,11,14.0,7.0,0,5,High
E0116,77.0,616,32,Female,Married,3,Day,4,14.0,0.0,25,0,High
E0117,59.0,472,29,Female,Single,1,Day,8,8.0,7.0,84,0,High
E0118,45.5,364,36,Male,Single,0,Day,1,13.5,0.0,0,5,High
E0119,88.5,708,34,Female,Married,1,Day,2,14.0,7.0,32,0,High
E0120,45.0,360,29,Male,Married,1,Day,11,9.0,7.0,0,5,High
E0121,46.5,372,25,Female,Single,0,Day,6,14.0,0.0,84,0,High
E0122,21.5,172,35,Male,Single,0,Day,6,7.0,3.0,0,5,Low
E0123,30.5,244,28,Male,Single,1,Night,10,14.0,6.5,0,5,Moderate
E0124,48.0,384,26,Male,Married,3,Night,8,14.0,0.0,0,1,High
E0125,6.0,48,43,Female,Married,0,Day,2,13.5,7.0,84,0,Low
E0126,17.5,140,32,Female,Married,1,Day,3,14.0,6.5,84,0,Low
E0127,19.5,156,36,Female,Single,0,Day,13,5.5,2.5,84,0,Low
E0128,32.0,256,31,Female,Single,0,Day,8,14.0,0.0,84,0,Moderate
E0129,14.0,112,29,Female,Married,1,Day,11,13.0,4.0,84,0,Low
E0130,33.5,268,24,Male,Single,0,Day,2,12.5,0.0,0,5,Moderate
E0131,82.0,656,36,Female,Married,1,Night,1,14.0,0.0,41,0,High
E0132,16.0,128,31,Male,Single,0,Day,12,7.5,6.5,0,5,Low
E0133,43.5,348,27,Female,Single,0,Night,4,13.5,0.0,84,0,High
E0134,22.0,176,24,Male,Married,1,Night,6,13.5,7.0,0,5,Low
E0135,41.5,332,37,Female,Single,0,Day,5,9.0,1.0,84,0,Moderate
E0136,17.5,140,20,Female,Single,0,Night,2,13.5,1.0,84,0,Low
E0137,103.0,824,21,Female,Married,2,Night,3,13.5,6.5,8,0,High
E0138,60.0,480,38,Male,Married,2,Day,6,14.0,0.0,0,0,High
E0139,37.5,300,23,Female,Single,0,Day,0,13.0,0.0,84,0,Moderate
E0140,23.0,184,23,Female,Married,0,Day,5,12.0,1.0,84,0,Low
E0141,168.0,1344,34,Female,Married,2,Day,3,13.0,0.0,0,0,High
E0142,23.0,184,31,Female,Single,0,Day,9,13.0,7.0,84,0,Low
E0143,100.5,804,30,Female,Married,2,Day,7,13.5,7.0,5,0,High
E0144,18.5,148,42,Female,Married,2,Day,1,14.0,0.0,84,0,Low
E0145,12.0,96,44,Male,Married,2,Night,4,13.5,6.0,0,5,Low
E0146,50.5,404,43,Male,Single,1,Day,8,14.0,1.0,0,5,High
E0147,44.5,356,41,Male,Married,0,Day,4,9.0,0.0,0,5,High
E0148,36.5,292,40,Male,Married,1,Night,6,13.0,0.0,0,5,Moderate
E0149,22.0,176,38,Female,Single,0,Day,3,13.5,0.0,84,0,Low
E0150,56.5,452,44,Male,Single,0,Day,10,14.0,7.0,0,5,High
E0151,37.5,300,25,Male,Married,2,Day,7,13.5,0.0,0,5,Moderate
E0152,27.0,216,31,Female,Married,0,Day,0,13.0,7.0,84,0,Low
E0153,41.0,328,36,Female,Single,0,Day,0,13.5,7.0,84,0,Moderate
E0154,30.0,240,26,Female,Single,0,Night,8,13.5,0.0,84,0,Moderate
E0155,17.0,136,27,Female,Single,0,Day,9,11.0,7.0,84,0,Low
E0156,25.0,200,43,Female,Married,1,Day,15,13.5,2.0,84,0,Low
E0157,21.5,172,27,Female,Single,0,Day,5,14.0,6.5,84,0,Low
E0158,6.0,48,36,Female,Married,2,Day,6,14.0,6.0,84,0,Low
E0159,160.0,1280,26,Female,Married,1,Day,6,13.5,7.0,0,0,High
E0160,17.5,140,42,Male,Married,2,Day,2,7.5,1.5,0,5,Low
E0161,34.0,272,43,Male,Single,0,Day,4,14.0,7.0,0,5,Moderate
E0162,70.0,560,22,Female,Married,2,Day,4,13.5,7.0,34,0,High
E0163,46.5,372,43,Female,Married,0,Day,15,14.0,4.0,84,0,High
E0164,25.5,204,37,Male,Single,0,Day,12,13.5,7.0,0,5,Low
E0165,34.5,276,38,Female,Married,1,Day,10,14.0,0.0,84,0,Moderate
E0166,31.5,252,29,Female,Single,1,Night,4,14.0,7.0,84,0,Moderate
E0167,37.0,296,25,Female,Single,0,Day,7,14.0,1.0,84,0,Moderate
E0168,51.0,408,41,Female,Single,0,Night,6,14.0,0.0,84,0,High
E0169,33.0,264,36,Female,Single,0,Day,8,8.5,1.0,84,0,Moderate
E0170,20.0,160,26,Male,Married,2,Day,8,12.0,0.0,0,5,Low
E0171,49.5,396,21,Male,Single,0,Day,3,14.0,0.0,0,5,High
E0172,39.0,312,28,Male,Single,0,Night,6,12.0,0.0,0,5,Moderate
E0173,10.5,84,40,Male,Single,0,Night,7,13.0,6.5,0,5,Low
E0174,49.5,396,21,Female,Single,0,Night,3,13.0,0.0,84,0,High
E0175,28.5,228,40,Male,Married,1,Night,0,14.0,5.5,0,5,Moderate
E0176,13.5,108,38,Male,Single,0,Night,10,13.5,7.0,0,5,Low
E0177,39.0,312,23,Female,Single,0,Day,5,12.0,0.0,84,0,Moderate
E0178,6.5,52,43,Female,Single,0,Day,3,11.0,7.0,84,0,Low
E0179,43.0,344,38,Female,Single,0,Day,1,14.0,7.0,84,0,High
E0180,234.5,1876,28,Female,Single,0,Day,8,14.0,6.0,0,0,High
E0181,23.5,188,30,Female,Single,0,Day,11,13.0,7.0,84,0,Low
E0182,67.5,540,31,Female,Married,1,Day,10,12.5,7.0,30,0,High
E0183,28.0,224,36,Male,Married,0,Day,15,14.0,4.5,0,5,Moderate
E0184,32.0,256,43,Female,Single,0,Day,15,14.0,0.0,84,0,Moderate
E0185,38.0,304,25,Female,Married,0,Night,7,8.5,1.0,84,0,Moderate
E0186,15.5,124,45,Male,Married,2,Day,9,13.0,6.5,0,5,Low
E0187,36.0,288,26,Male,Single,0,Night,1,12.0,6.5,0,5,Moderate
E0188,31.0,248,42,Female,Single,0,Day,10,12.5,0.0,84,0,Moderate
E0189,265.0,2120,29,Female,Married,2,Day,1,13.0,4.0,0,0,High
E0190,27.5,220,22,Female,Married,2,Day,4,14.0,7.0,84,0,Low
E0191,27.5,220,36,Female,Married,0,Night,9,14.0,0.0,84,0,Low
E0192,37.0,296,31,Male,Single,0,Day,6,12.0,6.5,0,5,Moderate
E0193,76.0,608,32,Female,Married,2,Day,13,10.5,2.5,32,0,High
E0194,28.0,224,36,Female,Single,0,Night,14,14.0,4.5,84,0,Moderate
E0195,50.5,404,44,Female,Single,1,Day,13,14.0,0.0,84,0,High
E0196,6.0,48,36,Male,Married,1,Day,8,12.5,7.0,0,5,Low
E0197,11.5,92,35,Male,Married,2,Day,3,14.0,3.5,0,5,Low
E0198,15.0,120,31,Female,Single,0,Day,6,13.5,6.0,84,0,Low
E0199,18.0,144,43,Female,Married,2,Day,3,13.0,7.0,84,0,Low
E0200,28.5,228,23,Male,Married,0,Night,5,10.0,7.0,0,5,Moderate
E0201,34.0,272,29,Male,Single,0,Night,7,13.0,1.0,0,5,Moderate
E0202,57.5,460,25,Female,Married,2,Night,7,8.0,4.5,84,0,High
E0203,35.0,280,36,Male,Married,2,Night,2,13.5,7.0,0,1,Moderate
E0204,10.5,84,22,Male,Married,0,Night,4,13.0,1.0,0,5,Low
E0205,24.0,192,21,Female,Married,2,Night,3,13.0,7.0,84,0,Low
E0206,54.0,432,21,Female,Single,0,Day,3,14.0,0.0,84,0,High
E0207,60.5,484,21,Female,Single,0,Day,3,9.0,0.0,84,0,High
E0208,28.5,228,37,Male,Married,0,Night,7,14.0,6.5,0,5,Moderate
E0209,44.5,356,32,Female,Single,0,Day,1,11.0,0.0,84,0,High
E0210,18.5,148,27,Female,Single,0,Day,7,14.0,0.0,84,0,Low
E0211,41.0,328,20,Male,Married,0,Day,2,13.0,7.0,0,5,Moderate
E0212,32.0,256,23,Female,Married,2,Night,2,13.5,7.0,84,0,Moderate
E0213,11.0,88,42,Male,Married,2,Day,3,14.0,6.5,0,5,Low
E0214,31.0,248,21,Female,Single,0,Day,3,14.0,4.0,84,0,Moderate
E0215,291.0,2328,36,Female,Married,3,Day,2,14.0,0.0,0,0,High
E0216,23.0,184,35,Male,Married,3,Night,11,11.5,4.0,0,5,Low
E0217,155.0,1240,34,Female,Single,1,Day,1,14.0,6.5,0,0,High
E0218,52.5,420,23,Male,Single,0,Day,0,13.0,0.0,0,5,High
E0219,59.0,472,41,Female,Single,0,Night,12,14.0,0.0,84,0,High
E0220,61.0,488,31,Female,Single,0,Day,10,14.0,0.0,84,0,High
E0221,44.5,356,20,Male,Single,0,Day,2,13.5,0.0,0,5,High
E0222,24.5,196,21,Male,Single,0,Day,3,14.0,0.0,0,5,Low
E0223,117.5,940,34,Female,Single,0,Day,13,13.0,0.0,22,0,High
E0224,19.5,156,39,Female,Single,0,Day,11,13.5,7.0,84,0,Low
E0225,32.0,256,40,Female,Single,0,Day,4,5.0,7.0,84,0,Moderate
E0226,22.0,176,22,Male,Married,1,Day,0,13.5,3.0,0,5,Low
E0227,114.0,912,44,Female,Married,2,Night,13,14.0,6.0,5,0,High
E0228,31.0,248,44,Female,Single,0,Night,3,13.5,6.0,84,0,Moderate
E0229,22.0,176,26,Female,Married,0,Day,8,14.0,0.0,84,0,Low
E0230,207.0,1656,34,Female,Married,2,Day,8,14.0,5.0,0,0,High
E0231,20.0,160,25,Male,Married,2,Day,7,14.0,4.5,0,5,Low
E0232,61.0,488,27,Male,Single,0,Day,9,14.0,7.0,0,5,High
E0233,120.5,964,37,Female,Single,0,Day,0,13.5,7.0,9,0,High
E0234,39.0,312,25,Female,Single,0,Day,7,12.5,7.0,84,0,Moderate
E0235,25.0,200,44,Female,Single,0,Day,0,13.0,6.5,84,0,Low
E0236,31.0,248,29,Female,Married,0,Night,11,14.0,0.0,84,0,Moderate
E0237,33.0,264,20,Female,Married,1,Day,2,8.5,0.0,84,0,Moderate
E0238,27.5,220,45,Female,Married,1,Night,12,14.0,3.0,84,0,Low
E0239,37.5,300,22,Female,Single,0,Day,4,13.5,7.0,84,0,Moderate
E0240,44.5,356,37,Female,Married,1,Day,10,13.0,0.0,84,0,High
E0241,33.0,264,26,Female,Married,1,Day,8,14.0,1.0,84,0,Moderate
E0242,8.5,68,28,Male,Married,3,Day,10,14.0,6.0,0,5,Low
E0243,47.5,380,44,Female,Married,2,Day,12,13.5,1.0,84,0,High
E0244,114.5,916,42,Female,Married,2,Day,5,13.0,7.0,9,0,High
E0245,37.5,300,24,Female,Single,0,Day,2,14.0,6.0,84,0,Moderate
E0246,38.0,304,41,Male,Single,0,Night,14,11.5,0.0,0,5,Moderate
E0247,30.5,244,45,Female,Married,0,Day,11,13.5,0.0,84,0,Moderate
E0248,20.0,160,43,Female,Single,0,Day,1,12.0,2.0,84,0,Low
E0249,36.5,292,23,Female,Married,2,Day,5,14.0,2.0,84,0,Moderate
E0250,18.0,144,31,Male,Married,0,Day,3,13.0,0.0,0,5,Low
E0251,214.5,1716,35,Female,Married,1,Day,5,12.5,7.0,0,0,High
E0252,24.0,192,32,Female,Married,0,Day,3,13.5,4.0,84,0,Low
E0253,31.0,248,21,Male,Single,0,Day,2,13.0,5.0,0,5,Moderate
E0254,14.5,116,24,Male,Single,0,Day,6,13.0,6.5,0,5,Low
E0255,40.0,320,34,Male,Married,3,Day,9,10.0,0.0,0,5,Moderate
E0256,24.5,196,31,Female,Single,0,Day,0,13.0,0.0,84,0,Low
E0257,14.0,112,44,Male,Married,0,Day,4,14.0,4.0,0,1,Low
E0258,163.5,1308,36,Female,Married,2,Day,3,13.5,6.5,0,0,High
E0259,51.5,412,37,Female,Single,0,Day,0,13.5,6.5,84,0,High
E0260,27.5,220,42,Male,Single,0,Day,2,13.5,0.0,0,5,Low
E0261,33.5,268,33,Female,Married,1,Day,1,13.5,0.0,84,0,Moderate
E0262,42.5,340,44,Female,Single,0,Day,1,14.0,0.0,84,0,High
E0263,24.5,196,42,Female,Married,2,Day,1,9.0,7.0,84,0,Low
E0264,40.0,320,29,Female,Married,1,Day,11,14.0,3.0,84,0,Moderate
E0265,133.0,1064,25,Female,Married,2,Night,7,13.0,6.0,0,0,High
E0266,39.0,312,29,Male,Married,0,Day,11,13.0,7.0,0,5,Moderate
E0267,17.0,136,27,Female,Married,0,Day,4,13.0,0.0,84,0,Low
E0268,22.0,176,35,Female,Married,1,Day,14,10.0,6.5,84,0,Low
E0269,43.0,344,28,Female,Single,0,Day,10,14.0,3.0,84,0,High
E0270,23.5,188,28,Male,Married,0,Day,5,13.5,7.0,0,2,Low
E0271,98.5,788,21,Female,Single,0,Night,3,14.0,0.0,19,0,High
E0272,37.5,300,41,Female,Single,0,Day,14,13.0,0.0,84,0,Moderate
E0273,66.5,532,40,Male,Single,0,Day,2,14.0,0.0,0,5,High
E0274,47.0,376,31,Male,Single,0,Day,1,14.0,6.0,0,5,High
E0275,25.0,200,33,Female,Single,0,Night,11,14.0,0.0,84,0,Low
E0276,12.5,100,40,Female,Single,1,Day,14,12.5,0.0,84,0,Low
E0277,22.5,180,31,Female,Single,0,Day,11,13.0,7.0,84,0,Low
E0278,27.0,216,30,Male,Single,0,Day,11,12.5,0.0,0,5,Low
E0279,22.0,176,34,Male,Single,0,Night,5,13.0,7.0,0,5,Low
E0280,44.0,352,38,Male,Single,0,Day,10,14.0,2.0,0,5,High
E0281,141.0,1128,34,Female,Married,1,Day,12,14.0,1.0,0,0,High
E0282,89.5,716,23,Female,Married,2,Day,5,14.0,0.0,42,0,High
E0283,69.0,552,26,Male,Single,0,Night,3,11.0,6.0,0,5,High
E0284,47.0,376,23,Male,Married,0,Day,5,9.0,0.0,0,5,High
E0285,57.0,456,32,Female,Married,0,Day,14,4.5,0.0,84,0,High
E0286,27.5,220,29,Male,Single,0,Day,0,13.5,0.0,0,5,Low
E0287,53.0,424,45,Male,Married,1,Day,9,14.0,2.0,0,5,High
E0288,43.0,344,44,Male,Married,1,Day,0,8.5,2.0,0,5,High
E0289,25.5,204,22,Female,Single,0,Day,4,12.5,7.0,84,0,Low
E0290,35.0,280,34,Male,Single,0,Day,12,13.5,0.0,0,5,Moderate
E0291,154.5,1236,44,Female,Married,2,Day,5,14.0,0.0,0,0,High
E0292,41.5,332,26,Female,Single,0,Night,3,14.0,5.0,84,0,Moderate
E0293,25.5,204,45,Male,Married,2,Day,0,0.0,0.0,0,5,Low
E0294,8.5,68,23,Male,Married,0,Day,5,13.0,6.5,0,5,Low
E0295,46.0,368,36,Female,Married,1,Day,5,13.5,7.0,84,0,High
E0296,35.5,284,27,Female,Married,0,Day,6,11.5,0.0,84,0,Moderate
E0297,24.0,192,31,Female,Single,0,Day,7,13.5,0.0,84,0,Low
E0298,45.0,360,41,Female,Married,0,Day,6,12.0,7.0,84,0,High
E0299,43.0,344,35,Female,Married,0,Day,11,12.5,0.0,84,0,High
E0300,85.0,680,27,Female,Married,1,Night,5,11.0,1.0,14,0,High
E0301,17.0,136,24,Female,Married,0,Day,5,13.0,4.0,84,0,Low
E0302,5.5,44,37,Female,Married,0,Day,1,14.0,6.5,84,0,Low
E0303,28.0,224,33,Male,Single,1,Day,1,13.5,0.0,0,5,Moderate
E0304,14.5,116,44,Female,Single,0,Day,3,14.0,7.0,84,0,Low
E0305,27.0,216,37,Female,Single,0,Night,4,14.0,0.5,84,0,Low
E0306,19.5,156,39,Male,Single,0,Night,2,8.5,7.0,0,5,Low
E0307,52.0,416,43,Female,Married,1,Day,8,8.0,4.0,84,0,High
E0308,177.0,1416,34,Female,Married,2,Night,1,9.0,6.5,0,0,High
E0309,49.5,396,29,Female,Single,0,Night,11,13.0,0.0,84,0,High
E0310,26.5,212,20,Female,Married,1,Night,2,14.0,5.0,84,0,Low
E0311,32.5,260,44,Female,Married,0,Day,12,8.5,0.0,84,0,Moderate
E0312,44.5,356,31,Female,Married,0,Day,11,12.0,4.0,84,0,High
E0313,30.5,244,25,Male,Single,0,Day,7,13.5,7.0,0,5,Moderate
E0314,68.0,544,38,Female,Married,1,Night,12,13.5,6.0,25,0,High
E0315,42.0,336,43,Male,Single,0,Day,11,14.0,2.0,0,5,Moderate
E0316,38.0,304,33,Male,Married,0,Day,4,14.0,0.0,0,2,Moderate
E0317,31.0,248,26,Male,Single,0,Night,1,6.5,7.0,0,5,Moderate
E0318,15.0,120,24,Female,Married,0,Day,6,13.5,7.0,84,0,Low
E0319,27.5,220,27,Female,Married,0,Day,5,12.0,0.0,84,0,Low
E0320,21.5,172,41,Female,Single,0,Day,4,13.0,6.0,84,0,Low
E0321,50.5,404,20,Male,Married,1,Night,2,13.0,7.0,0,5,High
E0322,47.5,380,23,Male,Single,0,Day,5,8.0,4.0,0,5,High
E0323,35.5,284,42,Male,Married,1,Day,2,13.5,7.0,0,5,Moderate
E0324,73.5,588,28,Female,Single,0,Night,0,13.0,7.0,27,0,High
E0325,35.0,280,28,Male,Married,0,Day,10,12.5,3.0,0,5,Moderate
E0326,34.5,276,20,Female,Married,0,Day,2,13.0,7.0,84,0,Moderate
E0327,82.0,656,41,Female,Single,0,Day,2,13.0,7.0,34,0,High
E0328,31.0,248,24,Female,Single,0,Day,6,12.0,0.0,84,0,Moderate
E0329,25.5,204,42,Female,Single,1,Day,4,12.0,7.0,84,0,Low
E0330,92.0,736,39,Female,Married,2,Night,2,13.5,6.5,36,0,High
E0331,12.0,96,26,Female,Single,0,Day,5,10.0,5.0,84,0,Low
E0332,36.5,292,27,Male,Married,2,Night,7,14.0,0.0,0,5,Moderate
E0333,156.0,1248,27,Female,Married,2,Day,3,13.0,0.0,9,0,High
E0334,15.0,120,33,Male,Single,0,Night,9,13.0,1.5,0,5,Low
E0335,50.0,400,40,Male,Single,0,Day,15,14.0,2.0,0,5,High
E0336,166.0,1328,35,Female,Married,2,Day,1,13.5,6.0,0,0,High
E0337,26.0,208,42,Male,Married,2,Day,5,14.0,7.0,0,1,Low
E0338,60.5,484,39,Male,Single,0,Night,7,13.5,7.0,0,5,High
E0339,46.0,368,40,Male,Married,1,Day,14,11.0,7.0,0,5,High
E0340,21.0,168,37,Female,Married,0,Day,6,8.5,1.0,84,0,Low
E0341,16.0,128,42,Female,Single,0,Night,5,13.5,1.0,84,0,Low
E0342,45.5,364,32,Male,Single,0,Night,14,11.0,7.0,0,0,High
E0343,12.0,96,34,Female,Married,0,Day,7,14.0,6.5,84,0,Low
E0344,31.0,248,22,Male,Single,0,Night,4,14.0,5.0,0,5,Moderate
E0345,56.5,452,44,Female,Single,0,Day,0,14.0,5.0,84,0,High
E0346,133.5,1068,31,Female,Single,1,Day,9,14.0,5.0,0,0,High
E0347,30.0,240,21,Male,Married,0,Day,1,13.5,0.0,0,5,Moderate
E0348,38.5,308,28,Male,Single,0,Night,9,13.0,0.0,0,5,Moderate
E0349,108.0,864,41,Female,Married,1,Day,10,12.0,0.0,11,0,High
E0350,40.5,324,35,Male,Single,0,Night,3,14.0,0.0,0,5,Moderate
E0351,72.0,576,34,Female,Married,1,Day,5,14.0,6.5,27,0,High
E0352,32.0,256,40,Male,Single,0,Day,11,14.0,1.0,0,2,Moderate
E0353,33.5,268,44,Male,Single,0,Day,2,13.0,2.5,0,5,Moderate
E0354,39.5,316,43,Male,Married,2,Day,1,12.5,6.0,0,5,Moderate
E0355,27.5,220,37,Female,Married,2,Day,7,14.0,0.0,84,0,Low
E0356,38.5,308,32,Female,Married,1,Day,14,11.0,6.0,84,0,Moderate
E0357,35.0,280,32,Male,Single,0,Day,3,13.0,7.0,0,1,Moderate
E0358,17.0,136,36,Female,Single,0,Night,12,13.5,6.5,84,0,Low
E0359,37.0,296,20,Female,Married,2,Night,2,10.0,0.0,84,0,Moderate
E0360,14.5,116,30,Female,Married,0,Night,2,13.0,6.5,84,0,Low
E0361,30.0,240,32,Female,Married,1,Day,12,14.0,0.0,84,0,Moderate
E0362,19.5,156,38,Female,Married,2,Day,15,13.5,6.5,84,0,Low
E0363,35.0,280,24,Female,Single,0,Day,6,9.5,0.0,84,0,Moderate
E0364,33.0,264,23,Male,Single,0,Day,3,8.0,3.5,0,5,Moderate
E0365,29.5,236,25,Male,Married,0,Day,4,13.5,7.0,0,0,Moderate
E0366,65.5,524,43,Male,Married,1,Day,13,14.0,6.0,0,5,High
E0367,104.5,836,43,Female,Married,1,Day,11,12.5,7.0,5,0,High
E0368,103.5,828,28,Female,Married,2,Day,4,14.0,2.0,15,0,High
E0369,62.5,500,23,Male,Single,0,Day,5,9.0,0.0,0,5,High
E0370,43.0,344,43,Female,Married,2,Day,11,13.0,2.0,84,0,High
E0371,45.5,364,43,Male,Single,0,Day,2,13.0,0.0,0,5,High
E0372,33.0,264,42,Male,Married,0,Night,11,14.0,7.0,0,5,Moderate
E0373,23.5,188,44,Male,Single,0,Day,8,11.5,0.5,0,5,Low
E0374,36.0,288,26,Female,Single,0,Day,8,14.0,3.0,84,0,Moderate
E0375,24.5,196,45,Female,Single,0,Day,13,13.0,6.0,84,0,Low
E0376,88.0,704,25,Female,Married,0,Night,1,13.5,7.0,3,0,High
E0377,21.5,172,29,Female,Married,2,Day,11,9.0,1.0,84,0,Low
E0378,41.0,328,27,Male,Single,0,Day,0,12.0,7.0,0,5,Moderate
E0379,56.5,452,26,Female,Married,2,Day,7,13.0,7.0,84,0,High
E0380,120.5,964,27,Female,Married,1,Day,9,4.5,3.5,6,0,High
E0381,36.5,292,45,Female,Married,0,Night,0,14.0,6.5,84,0,Moderate
E0382,35.0,280,29,Female,Married,2,Day,10,14.0,0.0,84,0,Moderate
E0383,26.5,212,38,Female,Single,0,Day,11,12.5,7.0,84,0,Low
E0384,17.0,136,28,Female,Single,0,Day,10,14.0,1.0,84,0,Low
E0385,68.0,544,33,Female,Married,1,Day,12,12.5,0.0,84,0,High
E0386,32.5,260,22,Female,Single,0,Day,4,9.0,0.0,84,0,Moderate
E0387,39.5,316,27,Female,Married,2,Day,5,13.0,7.0,84,0,Moderate
E0388,139.5,1116,38,Female,Married,2,Night,12,10.0,0.0,0,0,High
E0389,40.0,320,42,Male,Married,0,Night,14,13.0,7.0,0,1,Moderate
E0390,23.5,188,42,Male,Single,0,Day,3,14.0,1.0,0,5,Low
E0391,34.5,276,21,Male,Married,0,Night,3,14.0,2.0,0,5,Moderate
E0392,40.0,320,25,Female,Single,0,Day,7,13.0,0.0,84,0,Moderate
E0393,41.5,332,31,Female,Single,0,Night,11,14.0,1.0,84,0,Moderate
E0394,21.5,172,45,Male,Married,2,Day,1,14.0,0.0,0,5,Low
E0395,96.5,772,28,Female,Married,1,Day,5,12.0,0.0,17,0,High
E0396,19.0,152,36,Female,Single,0,Day,3,12.0,0.0,84,0,Low
E0397,32.5,260,35,Male,Single,0,Day,5,13.5,1.5,0,5,Moderate
E0398,7.5,60,28,Female,Single,0,Day,2,12.5,7.0,84,0,Low
E0399,8.5,68,23,Female,Single,0,Day,5,14.0,6.5,84,0,Low
E0400,124.0,992,40,Female,Married,1,Day,2,14.0,6.0,4,0,High
E0401,68.0,544,32,Female,Single,1,Day,10,13.0,0.0,84,0,High
E0402,32.0,256,21,Female,Married,2,Day,2,12.0,6.0,84,0,Moderate
E0403,28.5,228,33,Female,Single,0,Day,5,14.0,6.5,84,0,Moderate
E0404,20.0,160,42,Male,Single,0,Night,2,14.0,6.5,0,5,Low
E0405,7.5,60,28,Female,Single,0,Day,10,14.0,5.0,84,0,Low
E0406,22.5,180,42,Female,Single,0,Day,4,8.0,7.0,84,0,Low
E0407,40.5,324,23,Male,Married,0,Day,5,13.0,7.0,0,5,Moderate
E0408,25.0,200,30,Male,Single,0,Day,10,12.5,5.0,0,5,Low
E0409,117.0,936,23,Female,Married,0,Night,5,13.0,0.0,3,0,High
E0410,22.0,176,42,Female,Married,0,Day,15,12.5,0.0,84,0,Low
E0411,15.5,124,33,Female,Single,0,Night,2,11.5,3.0,84,0,Low
E0412,32.0,256,31,Male,Single,0,Day,0,14.0,0.0,0,5,Moderate
E0413,38.0,304,21,Female,Single,0,Day,3,13.0,7.0,84,0,Moderate
E0414,22.0,176,41,Female,Single,0,Night,12,13.0,6.5,84,0,Low
E0415,51.0,408,41,Female,Single,0,Day,3,14.0,7.0,84,0,High
E0416,61.5,492,42,Female,Married,2,Day,1,12.5,7.0,84,0,High
E0417,38.5,308,43,Female,Single,0,Day,5,12.0,2.0,84,0,Moderate
E0418,44.5,356,41,Male,Single,0,Day,7,13.5,1.0,0,5,High
E0419,46.5,372,38,Male,Single,0,Day,7,13.0,7.0,0,5,High
E0420,4.0,32,33,Female,Single,0,Day,5,13.5,6.5,84,0,Low
E0421,10.5,84,36,Male,Married,2,Day,4,13.0,7.0,0,5,Low
E0422,39.5,316,40,Female,Married,1,Day,7,13.5,0.0,84,0,Moderate
E0423,44.0,352,24,Male,Single,1,Night,6,14.0,5.5,0,5,High
E0424,46.5,372,28,Male,Married,2,Day,10,14.0,7.0,0,5,High
E0425,21.5,172,32,Male,Married,2,Day,12,12.0,1.0,0,5,Low
E0426,35.0,280,31,Female,Single,0,Night,4,12.5,6.5,84,0,Moderate
E0427,107.5,860,27,Female,Married,2,Day,9,13.0,0.0,9,0,High
E0428,46.0,368,39,Female,Married,1,Day,2,14.0,0.0,84,0,High
E0429,15.0,120,34,Female,Married,0,Day,8,13.0,6.0,84,0,Low
E0430,26.5,212,26,Female,Single,0,Night,8,14.0,5.5,84,0,Low
E0431,41.0,328,29,Female,Single,0,Day,2,14.0,0.0,84,0,Moderate
E0432,32.0,256,39,Female,Single,0,Night,13,9.0,7.0,84,0,Moderate
E0433,4.0,32,27,Female,Single,0,Day,6,14.0,6.0,84,0,Low
E0434,37.0,296,32,Male,Single,0,Day,8,12.0,2.0,0,5,Moderate
E0435,57.0,456,42,Female,Married,0,Day,12,8.5,0.0,84,0,High
E0436,30.5,244,42,Female,Married,1,Day,2,14.0,1.0,84,0,Moderate
E0437,22.0,176,22,Female,Single,0,Day,4,13.5,6.0,84,0,Low
E0438,24.0,192,45,Male,Married,0,Day,4,14.0,0.0,0,5,Low
E0439,59.0,472,26,Male,Married,0,Day,8,9.0,0.0,0,5,High
E0440,48.0,384,37,Female,Single,0,Day,0,14.0,0.0,84,0,High
E0441,27.0,216,36,Female,Single,0,Day,11,14.0,6.5,84,0,Low
E0442,31.0,248,25,Female,Married,0,Day,7,14.0,0.0,84,0,Moderate
E0443,109.5,876,22,Female,Married,1,Night,4,14.0,1.0,7,0,High
E0444,40.0,320,29,Male,Married,2,Day,4,13.0,0.0,0,5,Moderate
E0445,35.0,280,45,Male,Married,1,Day,11,14.0,0.0,0,5,Moderate
E0446,34.5,276,28,Female,Single,0,Day,10,12.5,0.0,84,0,Moderate
E0447,25.0,200,35,Female,Single,0,Day,12,12.5,6.5,84,0,Low
E0448,24.5,196,41,Male,Single,0,Night,12,13.5,1.0,0,5,Low
E0449,22.0,176,38,Male,Single,0,Day,10,12.5,5.0,0,5,Low
E0450,51.0,408,26,Female,Single,0,Night,8,14.0,0.0,84,0,High
E0451,17.5,140,34,Female,Married,2,Night,7,14.0,5.0,84,0,Low
E0452,20.0,160,41,Female,Married,2,Day,4,13.5,6.0,84,0,Low
E0453,38.5,308,36,Female,Married,2,Night,10,13.5,0.0,84,0,Moderate
E0454,48.5,388,41,Female,Married,1,Day,4,9.0,0.0,84,0,High
E0455,14.5,116,36,Female,Single,0,Night,2,13.5,6.0,84,0,Low
E0456,27.5,220,38,Female,Married,1,Day,10,11.0,6.5,84,0,Low
E0457,73.5,588,20,Female,Single,0,Night,2,14.0,2.0,84,0,High
E0458,81.5,652,37,Female,Single,1,Day,14,5.5,0.0,29,0,High
E0459,17.0,136,34,Female,Single,0,Day,3,12.0,5.0,84,0,Low
E0460,167.5,1340,32,Female,Single,1,Day,5,14.0,0.0,0,0,High
E0461,44.5,356,22,Female,Single,0,Night,4,13.0,0.0,84,0,High
E0462,16.0,128,37,Female,Single,0,Day,9,14.0,1.0,84,0,Low
E0463,64.5,516,40,Male,Married,1,Day,13,14.0,0.0,0,5,High
E0464,11.0,88,34,Female,Married,1,Day,2,14.0,7.0,84,0,Low
E0465,24.0,192,20,Male,Single,0,Day,2,13.0,7.0,0,5,Low
E0466,22.0,176,24,Female,Single,0,Day,6,11.0,6.0,84,0,Low
E0467,19.5,156,27,Male,Married,2,Day,5,14.0,6.5,0,5,Low
E0468,27.0,216,30,Male,Single,0,Night,1,14.0,0.0,0,5,Low
E0469,36.0,288,32,Female,Single,0,Day,6,14.0,0.0,84,0,Moderate
E0470,27.0,216,21,Female,Married,1,Day,3,6.5,0.0,84,0,Low
E0471,65.5,524,34,Male,Married,2,Night,13,14.0,0.0,0,5,High
E0472,37.0,296,42,Female,Single,0,Day,8,13.0,7.0,84,0,Moderate
E0473,50.5,404,40,Male,Single,0,Day,14,13.0,7.0,0,5,High
E0474,219.5,1756,36,Female,Married,1,Day,3,12.5,0.0,0,0,High
E0475,142.0,1136,39,Female,Married,1,Day,14,3.5,7.0,0,0,High
E0476,19.5,156,41,Female,Married,0,Day,6,12.5,6.0,84,0,Low
E0477,16.5,132,33,Female,Married,1,Day,14,13.5,7.0,84,0,Low
E0478,22.5,180,44,Male,Married,0,Day,0,10.0,5.0,0,5,Low
E0479,20.0,160,42,Female,Married,0,Day,12,10.0,2.0,84,0,Low
E0480,25.0,200,30,Female,Single,0,Night,3,13.0,5.0,84,0,Low
E0481,8.0,64,23,Female,Single,1,Day,5,13.0,3.0,84,0,Low
E0482,17.0,136,31,Female,Single,0,Day,11,13.0,7.0,84,0,Low
E0483,122.0,976,44,Female,Married,2,Night,4,14.0,1.0,0,0,High
E0484,52.5,420,20,Male,Single,0,Night,2,14.0,2.0,0,5,High
E0485,14.5,116,40,Female,Single,0,Day,5,14.0,6.0,84,0,Low
E0486,27.5,220,35,Male,Married,0,Day,13,7.0,1.0,0,5,Low
E0487,24.5,196,22,Male,Married,2,Day,3,14.0,0.0,0,5,Low
E0488,53.5,428,21,Male,Single,0,Night,0,12.0,0.0,0,5,High
E0489,12.5,100,23,Female,Single,0,Day,5,11.0,0.0,84,0,Low
E0490,36.5,292,23,Female,Married,1,Day,5,12.0,0.0,84,0,Moderate
E0491,41.0,328,41,Female,Single,0,Day,0,14.0,0.0,84,0,Moderate
E0492,52.5,420,41,Female,Single,0,Day,12,10.5,0.0,84,0,High
E0493,54.5,436,24,Female,Married,1,Day,6,14.0,0.0,84,0,High
E0494,46.0,368,22,Female,Single,0,Day,4,13.5,0.0,84,0,High
E0495,20.0,160,44,Female,Married,1,Day,15,13.5,5.0,84,0,Low
E0496,81.0,648,34,Male,Married,1,Day,10,14.0,7.0,0,2,High
E0497,44.0,352,34,Female,Married,0,Day,8,11.5,7.0,84,0,High
E0498,58.5,468,20,Female,Single,0,Day,2,12.5,0.0,84,0,High
E0499,53.5,428,30,Female,Single,0,Day,12,13.0,0.0,84,0,High
E0500,57.0,456,30,Female,Single,0,Day,10,12.0,0.0,84,0,High
E0501,24.0,192,23,Female,Single,0,Day,5,5.0,7.0,84,0,Low
E0502,25.5,204,34,Male,Married,1,Night,4,10.0,7.0,0,5,Low
E0503,48.5,388,43,Female,Married,2,Day,0,14.0,5.0,84,0,High
E0504,28.5,228,45,Male,Married,0,Day,2,13.0,1.0,0,5,Moderate
E0505,267.5,2140,30,Female,Married,2,Day,0,10.0,5.0,0,0,High
E0506,85.0,680,34,Female,Married,1,Day,13,13.0,5.0,13,0,High
E0507,32.0,256,37,Female,Married,0,Day,5,14.0,0.0,84,0,Moderate
E0508,27.5,220,20,Female,Single,0,Day,2,12.0,7.0,84,0,Low
E0509,27.5,220,33,Male,Married,1,Day,13,13.5,7.0,0,0,Low
E0510,23.0,184,32,Female,Single,0,Day,12,14.0,7.0,84,0,Low
E0511,39.5,316,30,Female,Single,0,Day,12,14.0,5.0,84,0,Moderate
E0512,167.0,1336,31,Female,Married,2,Day,9,14.0,0.0,0,0,High
E0513,39.0,312,44,Male,Single,0,Day,5,14.0,7.0,0,2,Moderate
E0514,50.0,400,41,Male,Married,2,Night,10,14.0,0.0,0,0,High
E0515,58.0,464,30,Female,Married,1,Night,12,9.0,0.0,84,0,High
E0516,14.0,112,23,Male,Single,0,Day,5,14.0,5.0,0,5,Low
E0517,25.5,204,37,Female,Married,0,Day,15,14.0,0.0,84,0,Low
E0518,25.0,200,29,Female,Single,0,Day,6,8.0,6.5,84,0,Low
E0519,39.0,312,27,Female,Married,0,Day,9,8.5,5.0,84,0,Moderate
E0520,37.0,296,32,Male,Single,0,Night,2,14.0,0.0,0,5,Moderate
E0521,40.5,324,20,Male,Single,0,Day,2,13.5,7.0,0,5,Moderate
E0522,40.0,320,22,Male,Single,0,Day,4,9.0,7.0,0,5,Moderate
E0523,19.0,152,39,Male,Single,1,Night,0,14.0,4.5,0,5,Low
E0524,22.5,180,45,Female,Married,2,Day,4,14.0,5.5,84,0,Low
E0525,33.0,264,45,Female,Married,1,Night,4,8.0,7.0,84,0,Moderate
E0526,76.0,608,30,Female,Single,0,Night,12,13.0,0.0,84,0,High
E0527,66.5,532,26,Female,Single,0,Day,3,9.5,2.5,84,0,High
E0528,41.5,332,42,Female,Single,0,Day,8,13.0,7.0,84,0,Moderate
E0529,37.5,300,35,Male,Single,0,Day,3,13.5,7.0,0,5,Moderate
E0530,31.0,248,45,Female,Single,0,Night,7,14.0,7.0,84,0,Moderate
E0531,51.0,408,23,Female,Married,2,Night,5,13.5,7.0,84,0,High
E0532,21.0,168,40,Male,Single,0,Day,13,12.0,7.0,0,2,Low
E0533,57.0,456,28,Male,Single,0,Day,9,14.0,0.0,0,0,High
E0534,26.0,208,27,Male,Married,0,Night,5,13.5,0.0,0,5,Low
E0535,57.5,460,34,Male,Married,1,Day,4,13.5,1.0,0,5,High
E0536,47.5,380,32,Female,Married,2,Day,2,7.0,0.0,84,0,High
E0537,38.0,304,33,Male,Married,2,Night,7,14.0,0.0,0,5,Moderate
E0538,40.0,320,41,Male,Single,0,Day,14,14.0,3.0,0,0,Moderate
E0539,36.5,292,29,Female,Single,0,Day,10,10.5,0.0,84,0,Moderate
E0540,37.5,300,29,Female,Single,0,Day,10,13.0,5.0,84,0,Moderate
E0541,51.5,412,40,Female,Single,0,Day,0,14.0,0.0,84,0,High
E0542,97.5,780,28,Female,Married,2,Night,10,12.5,6.0,14,0,High
E0543,40.0,320,42,Male,Single,0,Day,8,14.0,1.0,0,1,Moderate
E0544,21.0,168,28,Male,Married,1,Day,10,13.0,3.0,0,5,Low
E0545,27.0,216,34,Female,Married,0,Day,15,11.0,6.5,84,0,Low
E0546,37.0,296,23,Male,Single,0,Day,5,14.0,0.0,0,5,Moderate
E0547,44.5,356,20,Female,Single,0,Day,2,12.5,0.0,84,0,High
E0548,23.5,188,25,Female,Single,0,Day,7,8.5,7.0,84,0,Low
E0549,17.5,140,36,Female,Single,0,Day,12,13.5,3.0,84,0,Low
E0550,39.5,316,35,Male,Married,0,Day,1,13.0,7.0,0,5,Moderate
E0551,44.5,356,43,Female,Single,0,Day,6,9.0,6.0,84,0,High
E0552,32.5,260,22,Female,Single,0,Day,4,14.0,4.0,84,0,Moderate
E0553,34.0,272,20,Female,Married,0,Day,2,14.0,6.5,84,0,Moderate
E0554,98.5,788,20,Female,Married,1,Day,2,10.0,3.0,15,0,High
E0555,112.5,900,37,Female,Single,1,Day,14,14.0,0.0,16,0,High
E0556,142.5,1140,26,Female,Single,0,Day,8,14.0,6.5,0,0,High
E0557,34.0,272,42,Female,Married,0,Day,14,10.0,4.0,84,0,Moderate
E0558,31.5,252,29,Female,Married,1,Day,5,12.5,4.0,84,0,Moderate
E0559,21.5,172,45,Male,Married,0,Day,0,12.0,0.0,0,5,Low
E0560,38.5,308,36,Male,Single,1,Day,15,8.5,5.0,0,5,Moderate
E0561,14.0,112,21,Male,Married,1,Day,3,13.0,4.0,0,5,Low
E0562,42.5,340,34,Female,Single,0,Day,3,6.5,7.0,84,0,High
E0563,26.0,208,22,Female,Married,0,Day,4,13.0,0.0,84,0,Low
E0564,9.0,72,29,Female,Married,1,Day,1,14.0,6.5,84,0,Low
E0565,112.5,900,23,Female,Married,1,Day,2,12.5,0.0,41,0,High
E0566,28.0,224,35,Male,Married,1,Day,11,13.0,0.0,0,5,Moderate
E0567,21.5,172,20,Male,Married,2,Night,2,13.0,5.5,0,5,Low
E0568,33.0,264,23,Female,Married,1,Night,0,14.0,0.0,84,0,Moderate
E0569,21.5,172,29,Male,Married,1,Day,8,13.0,1.5,0,5,Low
E0570,49.5,396,34,Male,Single,0,Day,7,13.0,7.0,0,5,High
E0571,67.0,536,36,Female,Single,0,Day,6,13.5,0.0,84,0,High
E0572,29.5,236,36,Female,Single,0,Day,0,13.0,6.5,84,0,Moderate
E0573,44.0,352,44,Male,Single,0,Day,1,13.0,0.0,0,5,High
E0574,50.5,404,22,Male,Single,0,Day,4,9.0,0.0,0,5,High
E0575,36.0,288,29,Female,Single,0,Day,7,13.0,0.0,84,0,Moderate
E0576,18.0,144,33,Male,Married,0,Day,2,13.0,5.0,0,5,Low
E0577,31.0,248,33,Male,Single,0,Day,0,12.0,0.0,0,5,Moderate
E0578,85.0,680,20,Female,Single,0,Day,2,12.5,0.0,84,0,High
E0579,57.5,460,45,Male,Married,1,Day,10,14.0,0.0,0,1,High
E0580,20.5,164,24,Female,Married,1,Day,6,14.0,6.5,84,0,Low
E0581,31.0,248,32,Male,Married,2,Day,11,14.0,5.0,0,5,Moderate
E0582,30.5,244,34,Male,Single,0,Day,5,14.0,7.0,0,5,Moderate
E0583,43.5,348,25,Male,Single,0,Night,1,14.0,7.0,0,5,High
E0584,24.5,196,26,Female,Single,0,Night,0,14.0,7.0,84,0,Low
E0585,40.5,324,23,Female,Single,0,Day,5,13.5,0.0,84,0,Moderate
E0586,9.5,76,45,Female,Single,0,Night,15,12.5,0.0,84,0,Low
E0587,39.0,312,24,Male,Married,0,Day,0,9.5,0.0,0,5,Moderate
E0588,67.0,536,40,Female,Married,2,Day,5,13.0,0.0,32,0,High
E0589,41.5,332,24,Female,Single,0,Day,6,11.5,7.0,84,0,Moderate
E0590,33.5,268,41,Male,Single,0,Day,3,13.5,0.0,0,5,Moderate
E0591,36.0,288,34,Female,Single,0,Night,4,14.0,0.5,84,0,Moderate
E0592,148.0,1184,25,Female,Married,1,Day,7,14.0,3.0,0,0,High
E0593,62.0,496,29,Female,Married,1,Day,8,14.0,0.0,41,0,High
E0594,116.0,928,29,Female,Married,2,Day,5,14.0,0.0,8,0,High
E0595,77.0,616,34,Female,Married,2,Day,0,14.0,5.0,19,0,High
E0596,102.5,820,38,Female,Married,2,Day,2,14.0,0.0,17,0,High
E0597,33.5,268,32,Female,Married,0,Day,4,8.0,0.0,84,0,Moderate
E0598,26.0,208,26,Male,Married,0,Day,2,12.5,1.0,0,5,Low
E0599,32.5,260,26,Female,Single,0,Day,8,14.0,7.0,84,0,Moderate
E0600,50.5,404,44,Female,Single,0,Day,9,14.0,0.0,84,0,High
E0601,44.0,352,35,Male,Married,0,Day,5,13.5,7.0,0,0,High
E0602,33.5,268,35,Male,Married,2,Day,2,14.0,7.0,0,5,Moderate
E0603,29.0,232,38,Female,Single,0,Day,13,14.0,5.0,84,0,Moderate
E0604,43.0,344,44,Female,Single,0,Day,5,14.0,0.0,84,0,High
E0605,30.5,244,25,Male,Single,0,Day,7,12.0,7.0,0,5,Moderate
E0606,42.0,336,36,Male,Married,0,Day,12,7.0,0.0,0,5,Moderate
E0607,31.0,248,29,Male,Single,0,Day,10,13.5,7.0,0,0,Moderate
E0608,81.5,652,42,Male,Single,0,Day,10,13.5,5.5,0,5,High
E0609,18.5,148,30,Female,Married,0,Night,12,12.5,0.0,84,0,Low
E0610,50.0,400,43,Female,Single,0,Day,4,13.0,0.0,84,0,High
E0611,25.5,204,35,Female,Single,0,Day,4,14.0,7.0,84,0,Low
E0612,29.0,232,38,Female,Single,0,Day,11,10.0,6.5,84,0,Moderate
E0613,23.0,184,25,Female,Single,0,Day,7,12.0,7.0,84,0,Low
E0614,36.5,292,45,Female,Single,0,Day,9,8.5,7.0,84,0,Moderate
E0615,126.0,1008,32,Female,Married,2,Day,13,14.0,1.0,4,0,High
E0616,11.5,92,31,Female,Single,0,Day,1,13.5,2.0,84,0,Low
E0617,33.5,268,31,Female,Single,0,Day,13,13.5,7.0,84,0,Moderate
E0618,22.5,180,25,Female,Single,0,Day,7,13.5,7.0,84,0,Low
E0619,21.0,168,32,Female,Single,0,Day,6,14.0,6.5,84,0,Low
E0620,26.5,212,41,Male,Single,0,Day,6,14.0,6.0,0,5,Low
E0621,41.0,328,25,Female,Married,0,Day,0,13.0,1.5,84,0,Moderate
E0622,5.5,44,24,Male,Married,0,Night,6,14.0,6.5,0,5,Low
E0623,24.5,196,43,Female,Married,1,Night,7,10.5,0.0,84,0,Low
E0624,66.5,532,26,Female,Married,1,Night,8,14.0,7.0,34,0,High
E0625,27.5,220,25,Male,Married,2,Night,7,14.0,4.5,0,5,Low
E0626,32.0,256,22,Female,Single,0,Day,0,11.0,3.0,84,0,Moderate
E0627,60.5,484,22,Male,Single,0,Day,4,13.5,0.0,0,5,High
E0628,26.5,212,35,Male,Married,1,Day,15,14.0,4.0,0,5,Low
E0629,35.0,280,23,Male,Single,0,Day,5,11.0,3.0,0,5,Moderate
E0630,192.0,1536,24,Female,Married,2,Day,2,14.0,1.5,0,0,High
E0631,31.0,248,30,Female,Single,0,Day,6,14.0,3.0,84,0,Moderate
E0632,31.5,252,43,Male,Married,2,Day,2,14.0,2.0,0,5,Moderate
E0633,89.5,716,40,Female,Married,1,Night,13,10.5,7.0,8,0,High
E0634,40.5,324,30,Female,Single,0,Night,7,14.0,0.0,84,0,Moderate
E0635,26.0,208,42,Female,Married,1,Day,8,13.0,1.5,84,0,Low
E0636,58.5,468,41,Male,Single,0,Day,14,13.5,0.0,0,5,High
E0637,82.5,660,27,Female,Married,1,Night,1,14.0,0.0,25,0,High
E0638,35.0,280,39,Female,Single,0,Day,7,13.5,0.0,84,0,Moderate
E0639,22.5,180,41,Female,Married,2,Day,12,14.0,0.0,84,0,Low
E0640,39.0,312,21,Female,Married,1,Day,3,4.5,4.0,84,0,Moderate
E0641,39.5,316,27,Female,Married,0,Night,3,14.0,0.0,84,0,Moderate
E0642,32.5,260,39,Male,Married,1,Night,14,14.0,5.0,0,5,Moderate
E0643,47.5,380,43,Male,Single,0,Night,2,14.0,0.0,0,5,High
E0644,24.0,192,38,Male,Married,0,Day,14,14.0,3.0,0,5,Low
E0645,41.5,332,40,Male,Married,2,Night,15,13.0,2.5,0,5,Moderate
E0646,16.5,132,29,Female,Single,0,Day,11,13.5,7.0,84,0,Low
E0647,48.0,384,45,Male,Married,1,Day,14,14.0,7.0,0,5,High
E0648,18.5,148,24,Female,Single,0,Day,6,13.0,7.0,84,0,Low
E0649,24.0,192,43,Male,Single,0,Day,7,14.0,6.5,0,0,Low
E0650,34.0,272,29,Male,Single,0,Day,4,14.0,5.0,0,5,Moderate
E0651,20.0,160,45,Female,Single,0,Night,14,12.5,0.0,84,0,Low
E0652,8.0,64,43,Male,Married,3,Day,13,10.5,7.0,0,5,Low
E0653,268.0,2144,24,Female,Married,1,Day,6,7.0,0.0,0,0,High
E0654,18.0,144,42,Male,Single,0,Night,9,14.0,0.0,0,5,Low
E0655,38.5,308,40,Female,Single,0,Day,2,13.5,0.0,84,0,Moderate
E0656,25.0,200,31,Female,Single,0,Day,6,14.0,6.0,84,0,Low
E0657,33.0,264,32,Female,Single,0,Day,1,9.0,7.0,84,0,Moderate
E0658,86.0,688,32,Female,Single,0,Night,6,1.0,0.0,84,0,High
E0659,38.0,304,44,Female,Married,2,Day,13,13.0,3.0,84,0,Moderate
E0660,30.0,240,27,Male,Single,0,Day,8,13.5,4.0,0,5,Moderate
E0661,34.5,276,45,Female,Married,2,Day,5,9.0,3.5,84,0,Moderate
E0662,44.5,356,25,Female,Single,0,Day,5,14.0,1.0,84,0,High
E0663,23.0,184,21,Female,Married,0,Day,3,12.0,6.0,84,0,Low
E0664,22.0,176,25,Male,Single,0,Day,0,9.0,0.0,0,5,Low
E0665,28.0,224,24,Male,Single,1,Day,6,14.0,6.5,0,5,Moderate
E0666,17.0,136,39,Male,Married,0,Day,3,13.0,1.0,0,5,Low
E0667,40.0,320,39,Female,Married,0,Day,9,14.0,0.0,84,0,Moderate
E0668,97.0,776,27,Female,Single,1,Day,9,11.0,6.5,11,0,High
E0669,34.0,272,34,Female,Single,1,Day,15,11.5,0.0,84,0,Moderate
E0670,4.0,32,42,Female,Married,2,Night,1,13.5,7.0,84,0,Low
E0671,16.5,132,33,Female,Single,0,Day,6,14.0,1.0,84,0,Low
E0672,178.5,1428,36,Female,Married,2,Day,4,13.0,5.5,0,0,High
E0673,61.5,492,42,Female,Married,0,Night,0,11.5,6.0,84,0,High
E0674,23.5,188,31,Male,Married,0,Day,13,13.5,0.0,0,5,Low
E0675,47.5,380,44,Female,Married,2,Day,9,13.0,0.0,84,0,High
E0676,21.0,168,38,Female,Single,0,Day,12,12.5,7.0,84,0,Low
E0677,22.0,176,40,Female,Single,0,Day,4,14.0,0.5,84,0,Low
E0678,66.5,532,32,Female,Married,0,Day,0,11.5,0.0,84,0,High
E0679,41.0,328,40,Female,Single,0,Day,0,14.0,6.5,84,0,Moderate
E0680,298.0,2384,25,Female,Married,1,Night,3,14.0,0.0,0,0,High
E0681,35.5,284,41,Male,Single,0,Day,15,14.0,6.0,0,2,Moderate
E0682,28.5,228,36,Female,Single,0,Day,2,13.5,4.0,84,0,Moderate
E0683,60.0,480,33,Male,Single,0,Day,7,9.0,7.0,0,5,High
E0684,21.5,172,20,Female,Married,1,Day,2,14.0,7.0,84,0,Low
E0685,33.5,268,35,Female,Single,0,Day,14,9.0,0.0,84,0,Moderate
E0686,25.0,200,21,Male,Married,1,Day,3,12.0,5.0,0,5,Low
E0687,13.5,108,27,Female,Single,0,Day,9,14.0,5.0,84,0,Low
E0688,54.5,436,36,Male,Married,0,Day,6,14.0,7.0,0,5,High
E0689,28.5,228,37,Female,Single,0,Day,0,7.5,5.0,84,0,Moderate
E0690,24.0,192,41,Male,Married,2,Night,3,12.5,6.5,0,5,Low
E0691,29.5,236,41,Male,Single,1,Day,9,13.5,0.0,0,5,Moderate
E0692,41.0,328,45,Male,Single,0,Day,9,14.0,0.0,0,5,Moderate
E0693,50.5,404,24,Male,Single,0,Day,6,14.0,6.5,0,1,High
E0694,35.0,280,37,Male,Single,0,Day,7,13.5,0.0,0,5,Moderate
E0695,26.0,208,37,Female,Married,0,Night,4,10.0,0.0,84,0,Low
E0696,57.0,456,45,Female,Single,0,Night,12,13.0,0.0,84,0,High
E0697,28.5,228,24,Male,Married,1,Day,6,9.0,0.0,0,5,Moderate
E0698,23.5,188,31,Male,Married,0,Day,12,14.0,0.5,0,5,Low
E0699,26.0,208,41,Female,Married,0,Day,14,12.0,0.0,84,0,Low
E0700,8.0,64,21,Male,Married,0,Day,3,13.5,2.0,0,5,Low
E0701,44.0,352,34,Female,Single,0,Night,14,10.0,0.0,84,0,High
E0702,35.0,280,36,Male,Single,0,Day,0,14.0,0.0,0,5,Moderate
E0703,36.5,292,36,Female,Single,1,Day,12,14.0,0.0,84,0,Moderate
E0704,41.0,328,25,Female,Married,2,Night,7,11.5,6.5,84,0,Moderate
E0705,33.5,268,32,Female,Single,0,Day,5,14.0,6.0,84,0,Moderate
E0706,14.5,116,45,Female,Single,0,Day,3,13.0,7.0,84,0,Low
E0707,21.0,168,25,Male,Married,1,Night,7,14.0,7.0,0,5,Low
E0708,33.0,264,32,Male,Married,2,Night,11,12.5,7.0,0,5,Moderate
E0709,13.0,104,22,Male,Single,0,Day,4,13.0,7.0,0,5,Low
E0710,85.0,680,31,Female,Single,1,Day,0,13.5,6.5,38,0,High
E0711,37.5,300,22,Male,Single,0,Day,4,8.5,7.0,0,5,Moderate
E0712,28.0,224,34,Male,Married,2,Day,12,13.5,0.0,0,5,Moderate
E0713,54.5,436,45,Male,Single,0,Day,7,13.0,0.0,0,5,High
E0714,18.5,148,34,Female,Single,0,Night,7,13.5,0.0,84,0,Low
E0715,30.5,244,31,Female,Married,0,Day,5,12.0,6.5,84,0,Moderate
E0716,46.0,368,37,Male,Single,0,Day,13,14.0,6.5,0,5,High
E0717,62.0,496,32,Female,Married,1,Day,3,13.0,7.0,37,0,High
E0718,100.0,800,42,Female,Married,1,Day,4,13.0,0.0,18,0,High
E0719,237.0,1896,29,Female,Married,2,Day,0,14.0,0.0,0,0,High
E0720,42.0,336,23,Male,Single,0,Night,5,13.0,0.0,0,5,Moderate
E0721,23.0,184,25,Female,Single,0,Day,7,13.5,5.0,84,0,Low
E0722,3.5,28,29,Male,Married,2,Day,8,13.5,7.0,0,5,Low
E0723,49.5,396,28,Male,Single,0,Day,10,13.0,0.0,0,5,High
E0724,58.0,464,42,Female,Married,1,Day,9,11.0,4.0,84,0,High
E0725,110.5,884,33,Female,Married,1,Day,13,12.5,7.0,6,0,High
E0726,148.0,1184,22,Female,Married,1,Night,4,14.0,7.0,0,0,High
E0727,22.5,180,32,Male,Single,0,Day,8,13.5,7.0,0,1,Low
E0728,18.5,148,29,Female,Single,0,Day,2,13.0,0.0,84,0,Low
E0729,33.0,264,40,Female,Married,1,Day,15,13.0,0.0,84,0,Moderate
E0730,48.5,388,29,Female,Single,0,Day,10,8.0,6.5,84,0,High
E0731,20.0,160,34,Male,Single,0,Day,7,14.0,3.0,0,5,Low
E0732,122.5,980,31,Female,Single,1,Day,3,13.0,7.0,0,0,High
E0733,69.5,556,40,Male,Married,1,Day,6,13.0,7.0,0,1,High
E0734,35.0,280,35,Male,Single,0,Day,12,13.0,7.0,0,5,Moderate
E0735,39.5,316,22,Female,Single,0,Day,4,14.0,2.0,84,0,Moderate
E0736,9.0,72,24,Female,Married,0,Day,1,10.0,6.0,84,0,Low
E0737,56.5,452,41,Male,Married,0,Day,6,14.0,0.0,0,5,High
E0738,15.5,124,21,Male,Married,1,Day,3,14.0,7.0,0,5,Low
E0739,41.5,332,23,Male,Single,0,Night,5,14.0,0.0,0,5,Moderate
E0740,38.5,308,44,Male,Married,1,Day,10,7.5,0.0,0,5,Moderate
E0741,33.5,268,24,Male,Married,0,Night,6,14.0,6.0,0,1,Moderate
E0742,31.5,252,26,Male,Married,1,Day,8,13.0,7.0,0,5,Moderate
E0743,41.0,328,38,Female,Married,1,Day,11,14.0,6.5,84,0,Moderate
E0744,39.0,312,43,Female,Married,1,Day,0,14.0,4.0,84,0,Moderate
E0745,44.5,356,30,Female,Married,2,Day,0,13.0,0.0,84,0,High
E0746,28.5,228,20,Female,Married,0,Day,1,13.5,7.0,84,0,Moderate
E0747,150.0,1200,29,Female,Married,2,Day,10,14.0,0.0,0,0,High
E0748,53.0,424,32,Male,Single,1,Night,0,0.0,5.5,0,2,High
E0749,31.0,248,35,Male,Married,1,Day,12,8.0,1.5,0,5,Moderate
E0750,25.5,204,29,Female,Married,0,Day,11,14.0,0.0,84,0,Low
E0751,40.5,324,24,Female,Single,0,Day,6,13.0,6.5,84,0,Moderate
E0752,35.5,284,28,Female,Married,2,Day,10,9.0,4.0,84,0,Moderate
E0753,40.5,324,45,Male,Married,0,Day,1,13.0,6.5,0,5,Moderate
E0754,67.5,540,20,Female,Married,1,Night,1,13.5,0.0,84,0,High
E0755,41.5,332,34,Female,Married,0,Day,13,14.0,4.0,84,0,Moderate
E0756,138.0,1104,24,Female,Married,1,Day,5,9.0,0.0,16,0,High
E0757,46.0,368,23,Female,Married,1,Night,5,13.0,0.0,84,0,High
E0758,25.0,200,20,Female,Married,1,Day,2,11.0,4.5,84,0,Low
E0759,14.5,116,35,Male,Married,0,Day,13,13.0,7.0,0,5,Low
E0760,36.5,292,25,Female,Single,0,Day,7,11.5,0.0,84,0,Moderate
E0761,62.0,496,34,Male,Single,0,Day,12,14.0,0.0,0,5,High
E0762,170.0,1360,39,Female,Married,2,Day,14,11.5,7.0,0,0,High
E0763,16.0,128,22,Male,Single,1,Day,4,13.0,7.0,0,5,Low
E0764,49.5,396,32,Female,Single,0,Day,8,13.0,0.5,84,0,High
E0765,8.5,68,41,Female,Single,0,Day,0,13.5,6.5,84,0,Low
E0766,49.5,396,39,Male,Married,2,Day,12,14.0,0.0,0,5,High
E0767,52.5,420,41,Female,Single,0,Night,9,9.5,0.0,84,0,High
E0768,49.5,396,40,Male,Single,1,Day,12,13.0,7.0,0,5,High
E0769,44.5,356,35,Male,Single,0,Day,11,13.5,5.0,0,5,High
E0770,144.0,1152,39,Female,Single,1,Day,5,13.5,0.0,9,0,High
E0771,58.0,464,32,Female,Single,0,Day,14,13.5,0.0,84,0,High
E0772,37.0,296,40,Female,Single,0,Day,9,14.0,0.0,84,0,Moderate
E0773,32.5,260,35,Male,Single,0,Day,7,14.0,0.0,0,5,Moderate
E0774,14.5,116,38,Female,Single,0,Day,10,12.5,6.5,84,0,Low
E0775,42.5,340,45,Male,Single,0,Day,5,14.0,5.0,0,5,High
E0776,22.0,176,33,Female,Single,0,Night,7,13.0,0.0,84,0,Low
E0777,12.5,100,39,Female,Married,2,Night,11,14.0,7.0,84,0,Low
E0778,30.5,244,45,Female,Married,2,Day,7,13.5,0.0,84,0,Moderate
E0779,46.5,372,35,Male,Single,0,Day,5,14.0,5.0,0,1,High
E0780,28.5,228,23,Male,Single,0,Day,5,12.0,2.5,0,5,Moderate
E0781,7.0,56,28,Male,Single,0,Night,9,13.0,7.0,0,5,Low
E0782,13.0,104,44,Male,Single,0,Day,13,14.0,6.0,0,5,Low
E0783,59.0,472,36,Male,Married,1,Day,7,14.0,0.0,0,0,High
E0784,6.5,52,44,Female,Married,3,Day,9,13.5,7.0,84,0,Low
E0785,24.5,196,25,Female,Single,0,Day,0,13.5,7.0,84,0,Low
E0786,43.5,348,28,Male,Single,0,Day,10,13.5,0.0,0,5,High
E0787,21.5,172,39,Male,Married,0,Day,10,14.0,6.5,0,5,Low
E0788,43.5,348,41,Male,Single,0,Night,2,14.0,6.5,0,5,High
E0789,25.0,200,27,Male,Single,0,Day,9,14.0,0.0,0,5,Low
E0790,26.0,208,33,Male,Married,0,Night,14,12.5,6.5,0,5,Low
E0791,27.5,220,23,Female,Single,0,Day,5,12.5,0.0,84,0,Low
E0792,25.5,204,23,Male,Married,2,Night,1,10.5,1.0,0,5,Low
E0793,43.5,348,45,Male,Single,0,Night,6,13.0,0.0,0,5,High
E0794,37.0,296,45,Male,Married,1,Day,4,14.0,0.0,0,5,Moderate
E0795,13.0,104,44,Female,Married,1,Day,8,14.0,1.0,84,0,Low
E0796,18.5,148,41,Male,Single,0,Day,14,14.0,6.5,0,5,Low
E0797,43.5,348,21,Female,Single,0,Day,3,4.0,3.0,84,0,High
E0798,64.5,516,37,Male,Single,0,Day,9,13.0,7.0,0,2,High
E0799,44.5,356,30,Female,Married,0,Day,11,13.5,0.0,84,0,High
E0800,19.5,156,25,Female,Single,0,Day,7,14.0,1.5,84,0,Low
E0801,40.5,324,33,Male,Married,2,Day,5,14.0,0.0,0,5,Moderate
E0802,53.0,424,24,Female,Married,0,Day,6,14.0,0.0,84,0,High
E0803,14.0,112,34,Female,Single,1,Day,12,13.0,1.0,84,0,Low
E0804,90.0,720,34,Female,Married,2,Day,7,13.5,0.0,8,0,High
E0805,26.5,212,27,Female,Married,2,Day,7,12.5,1.0,84,0,Low
E0806,27.0,216,42,Female,Single,0,Day,4,11.5,3.0,84,0,Low
E0807,21.0,168,44,Female,Single,0,Night,0,13.5,7.0,84,0,Low
E0808,111.0,888,24,Female,Married,2,Day,6,6.0,6.0,8,0,High
E0809,19.5,156,37,Male,Single,0,Day,8,12.0,7.0,0,5,Low
E0810,19.0,152,23,Male,Single,0,Night,1,13.5,7.0,0,5,Low
E0811,40.5,324,32,Male,Married,1,Day,2,14.0,2.0,0,1,Moderate
E0812,17.0,136,43,Female,Single,0,Day,0,14.0,3.5,84,0,Low
E0813,33.0,264,23,Male,Married,2,Day,5,14.0,0.0,0,5,Moderate
E0814,24.0,192,26,Male,Single,0,Day,8,12.5,7.0,0,5,Low
E0815,50.0,400,37,Female,Single,0,Night,14,14.0,2.5,84,0,High
E0816,42.0,336,32,Male,Single,0,Night,4,12.0,3.5,0,5,Moderate
E0817,65.5,524,45,Female,Married,0,Day,10,14.0,0.0,84,0,High
E0818,44.5,356,42,Female,Married,1,Day,11,12.5,0.0,84,0,High
E0819,30.0,240,20,Female,Single,0,Day,2,13.5,0.0,84,0,Moderate
E0820,39.0,312,22,Male,Single,0,Day,4,14.0,0.0,0,5,Moderate
E0821,39.0,312,41,Male,Married,2,Day,6,14.0,0.0,0,5,Moderate
E0822,19.5,156,42,Female,Married,0,Day,2,11.5,3.0,84,0,Low
E0823,46.5,372,42,Female,Single,0,Day,6,13.5,0.0,84,0,High
E0824,11.5,92,34,Male,Single,0,Day,1,12.0,7.0,0,5,Low
E0825,47.0,376,43,Female,Married,2,Day,10,14.0,0.0,84,0,High
E0826,22.0,176,25,Male,Single,0,Day,7,13.5,5.0,0,5,Low
E0827,41.5,332,35,Male,Single,0,Night,11,14.0,0.0,0,5,Moderate
E0828,15.0,120,36,Female,Married,0,Day,8,12.5,1.0,84,0,Low
E0829,26.5,212,25,Male,Single,0,Day,4,14.0,0.0,0,5,Low
E0830,52.5,420,22,Male,Single,1,Day,4,12.5,0.0,0,5,High
E0831,24.0,192,32,Male,Single,0,Day,13,12.5,7.0,0,5,Low
E0832,23.5,188,30,Female,Married,1,Day,12,14.0,0.0,84,0,Low
E0833,32.5,260,41,Female,Single,0,Day,11,11.5,2.0,84,0,Moderate
E0834,45.0,360,27,Male,Married,0,Day,5,13.5,0.0,0,5,High
E0835,19.0,152,28,Male,Single,0,Day,3,14.0,6.5,0,5,Low
E0836,25.5,204,37,Male,Married,1,Day,7,13.5,5.5,0,5,Low
E0837,31.0,248,28,Male,Married,0,Day,4,13.0,0.0,0,5,Moderate
E0838,36.0,288,42,Female,Single,0,Night,3,8.0,5.0,84,0,Moderate
E0839,34.5,276,29,Female,Single,0,Day,11,13.0,2.0,84,0,Moderate
E0840,32.0,256,33,Male,Married,0,Day,12,9.0,6.5,0,5,Moderate
E0841,57.5,460,23,Female,Married,0,Day,5,14.0,3.0,84,0,High
E0842,27.5,220,21,Female,Married,2,Day,3,12.5,2.5,84,0,Low
E0843,29.5,236,33,Male,Single,0,Day,3,13.5,0.0,0,5,Moderate
E0844,30.5,244,31,Male,Single,0,Day,11,14.0,2.0,0,5,Moderate
E0845,71.5,572,29,Female,Single,0,Day,3,12.0,0.0,84,0,High
E0846,16.5,132,24,Male,Single,0,Day,6,14.0,1.0,0,5,Low
E0847,21.5,172,43,Female,Single,0,Day,13,12.0,2.0,84,0,Low
E0848,64.0,512,36,Female,Married,2,Day,14,9.0,0.0,84,0,High
E0849,47.0,376,41,Male,Married,1,Day,0,13.0,4.0,0,5,High
E0850,19.5,156,32,Female,Single,0,Day,7,12.0,7.0,84,0,Low
E0851,25.5,204,37,Female,Single,0,Day,7,10.5,0.0,84,0,Low
E0852,40.5,324,30,Female,Single,0,Night,5,14.0,6.0,84,0,Moderate
E0853,28.0,224,33,Female,Married,0,Day,7,13.0,7.0,84,0,Moderate
E0854,37.0,296,38,Female,Married,1,Night,12,13.0,6.5,84,0,Moderate
E0855,15.0,120,27,Female,Married,2,Day,6,12.5,1.5,84,0,Low
E0856,21.0,168,20,Female,Married,2,Night,2,13.0,5.0,84,0,Low
E0857,47.5,380,40,Female,Single,0,Day,0,9.0,0.0,84,0,High
E0858,22.0,176,22,Female,Married,2,Day,4,13.0,7.0,84,0,Low
E0859,32.0,256,35,Female,Single,0,Day,6,13.0,3.0,84,0,Moderate
E0860,134.5,1076,37,Female,Married,1,Day,1,8.0,7.0,6,0,High
E0861,53.0,424,23,Male,Single,0,Night,1,11.0,0.0,0,5,High
E0862,95.5,764,43,Female,Single,1,Night,12,12.0,0.0,12,0,High
E0863,47.0,376,20,Male,Single,0,Day,1,12.0,7.0,0,5,High
E0864,43.0,344,41,Female,Single,0,Day,13,14.0,0.0,84,0,High
E0865,37.5,300,27,Male,Married,0,Day,9,13.5,7.0,0,5,Moderate
E0866,38.0,304,39,Female,Single,0,Night,9,11.0,0.0,84,0,Moderate
E0867,6.5,52,36,Male,Married,1,Day,1,14.0,4.5,0,5,Low
E0868,32.5,260,25,Male,Single,0,Day,2,13.5,7.0,0,5,Moderate
E0869,24.5,196,28,Female,Single,0,Day,10,11.5,0.0,84,0,Low
E0870,40.5,324,23,Female,Married,1,Day,5,14.0,6.5,84,0,Moderate
E0871,33.5,268,20,Female,Single,0,Day,2,9.0,0.0,84,0,Moderate
E0872,33.0,264,37,Male,Single,0,Day,6,13.0,5.0,0,5,Moderate
E0873,124.5,996,23,Female,Married,1,Day,0,13.0,0.0,10,0,High
E0874,52.5,420,32,Male,Married,0,Day,9,12.0,7.0,0,5,High
E0875,30.5,244,36,Female,Single,0,Day,9,13.0,2.0,84,0,Moderate
E0876,124.0,992,23,Female,Married,1,Day,5,12.5,0.0,17,0,High
E0877,28.5,228,20,Female,Single,0,Day,2,13.0,0.0,84,0,Moderate
E0878,26.0,208,33,Female,Single,0,Day,5,12.5,7.0,84,0,Low
E0879,33.0,264,39,Female,Married,0,Day,14,8.5,7.0,84,0,Moderate
E0880,30.0,240,26,Male,Single,0,Day,8,14.0,2.0,0,5,Moderate
E0881,78.0,624,41,Female,Married,1,Day,14,14.0,0.0,34,0,High
E0882,71.0,568,35,Female,Married,1,Day,13,13.0,7.0,35,0,High
E0883,29.5,236,43,Male,Married,2,Day,1,8.5,7.0,0,5,Moderate
E0884,34.5,276,20,Female,Single,0,Night,2,11.5,7.0,84,0,Moderate
E0885,26.0,208,40,Female,Married,2,Day,11,14.0,7.0,84,0,Low
E0886,25.0,200,20,Female,Married,2,Night,2,9.0,7.0,84,0,Low
E0887,26.5,212,40,Male,Single,1,Day,13,13.5,7.0,0,5,Low
E0888,42.0,336,35,Male,Single,0,Day,4,13.0,7.0,0,5,Moderate
E0889,47.0,376,31,Female,Married,0,Day,9,14.0,7.0,84,0,High
E0890,8.0,64,25,Female,Married,0,Day,6,13.5,6.0,84,0,Low
E0891,18.5,148,34,Female,Married,0,Night,10,13.5,7.0,84,0,Low
E0892,106.0,848,44,Female,Married,2,Night,6,12.5,1.0,6,0,High
E0893,126.5,1012,35,Female,Married,2,Day,0,14.0,0.0,3,0,High
E0894,155.0,1240,28,Female,Single,0,Day,10,13.0,3.0,0,0,High
E0895,43.0,344,26,Female,Single,0,Night,8,13.0,3.0,84,0,High
E0896,37.0,296,26,Female,Married,0,Day,2,14.0,0.0,84,0,Moderate
E0897,23.0,184,34,Male,Married,0,Night,0,13.5,6.0,0,5,Low
E0898,247.0,1976,33,Female,Married,1,Night,14,14.0,7.0,0,0,High
E0899,7.0,56,44,Female,Married,2,Day,4,13.5,7.0,84,0,Low
E0900,41.0,328,35,Male,Married,0,Day,0,0.0,0.0,0,5,Moderate
E0901,58.5,468,36,Male,Single,0,Day,7,14.0,0.0,0,5,High
E0902,34.0,272,28,Male,Single,0,Day,9,14.0,4.0,0,2,Moderate
E0903,35.5,284,30,Male,Married,2,Day,1,14.0,5.0,0,1,Moderate
E0904,40.0,320,29,Male,Single,1,Day,0,0.0,6.0,0,5,Moderate
E0905,24.0,192,23,Female,Married,2,Day,5,14.0,0.0,84,0,Low
E0906,18.5,148,34,Male,Single,0,Day,9,13.0,7.0,0,2,Low
E0907,46.0,368,45,Male,Single,0,Day,0,12.0,0.0,0,5,High
E0908,15.5,124,29,Female,Married,0,Day,10,9.0,7.0,84,0,Low
E0909,36.5,292,36,Female,Single,0,Night,6,14.0,0.0,84,0,Moderate
E0910,32.5,260,33,Female,Married,0,Day,9,12.5,7.0,84,0,Moderate
E0911,12.0,96,41,Female,Married,0,Day,15,11.5,7.0,84,0,Low
E0912,19.5,156,26,Female,Single,0,Day,8,8.5,7.0,84,0,Low
E0913,41.0,328,44,Female,Single,0,Day,10,13.5,0.0,84,0,Moderate
E0914,34.0,272,21,Female,Married,0,Day,3,13.5,2.5,84,0,Moderate
E0915,118.5,948,43,Female,Married,1,Day,1,12.5,0.0,34,0,High
E0916,33.5,268,29,Female,Single,0,Night,11,13.0,0.0,84,0,Moderate
E0917,44.5,356,21,Male,Single,0,Day,1,12.5,6.5,0,5,High
E0918,91.5,732,23,Female,Single,1,Day,5,9.0,7.0,28,0,High
E0919,62.0,496,23,Male,Married,2,Day,5,12.5,0.0,0,5,High
E0920,43.5,348,35,Female,Married,2,Day,10,14.0,0.0,84,0,High
E0921,41.0,328,24,Male,Married,2,Day,6,14.0,5.0,0,5,Moderate
E0922,28.0,224,34,Male,Married,0,Day,10,13.0,6.5,0,5,Moderate
E0923,29.0,232,25,Female,Married,0,Day,7,11.0,4.0,84,0,Moderate
E0924,13.5,108,31,Male,Single,0,Night,0,14.0,2.0,0,5,Low
E0925,51.0,408,36,Female,Single,0,Day,9,10.0,0.0,84,0,High
E0926,42.5,340,32,Female,Single,0,Day,2,14.0,0.0,84,0,High
E0927,37.5,300,21,Male,Married,2,Day,3,14.0,0.0,0,5,Moderate
E0928,46.5,372,44,Female,Single,0,Day,4,14.0,0.0,84,0,High
E0929,27.0,216,23,Male,Married,0,Day,5,13.0,6.0,0,5,Low
E0930,5.5,44,37,Male,Single,1,Night,7,13.0,6.5,0,5,Low
E0931,38.5,308,42,Female,Single,0,Day,11,9.0,7.0,84,0,Moderate
E0932,41.5,332,41,Male,Single,0,Day,1,11.0,0.0,0,5,Moderate
E0933,54.0,432,25,Female,Married,0,Day,6,13.0,0.0,84,0,High
E0934,26.5,212,43,Female,Married,0,Day,10,10.0,0.0,84,0,Low
E0935,165.0,1320,29,Female,Married,1,Day,6,14.0,2.0,0,0,High
E0936,114.0,912,21,Female,Married,1,Day,3,13.0,7.0,1,0,High
E0937,24.5,196,20,Female,Married,2,Day,2,11.0,0.0,84,0,Low
E0938,26.5,212,37,Male,Married,1,Day,11,13.0,7.0,0,5,Low
E0939,18.5,148,40,Male,Married,0,Day,0,13.5,6.0,0,5,Low
E0940,22.5,180,34,Male,Single,1,Day,13,14.0,5.0,0,5,Low
E0941,23.0,184,38,Male,Single,0,Day,1,13.5,7.0,0,5,Low
E0942,14.0,112,40,Male,Married,0,Day,12,12.0,6.0,0,5,Low
E0943,24.0,192,38,Male,Married,2,Day,10,14.0,3.0,0,5,Low
E0944,30.5,244,31,Female,Single,0,Day,4,10.0,7.0,84,0,Moderate
E0945,89.5,716,26,Female,Married,2,Night,8,13.5,7.0,11,0,High
E0946,42.0,336,24,Female,Single,0,Day,6,13.0,3.0,84,0,Moderate
E0947,12.0,96,37,Female,Married,2,Day,14,13.0,7.0,84,0,Low
E0948,51.0,408,34,Male,Single,0,Day,9,14.0,1.0,0,5,High
E0949,199.5,1596,24,Female,Single,1,Day,6,8.0,1.0,0,0,High
E0950,40.0,320,27,Male,Single,0,Night,7,14.0,5.0,0,5,Moderate
E0951,47.0,376,35,Female,Married,0,Night,15,13.0,7.0,84,0,High
E0952,65.0,520,20,Male,Married,0,Day,2,14.0,0.0,0,5,High
E0953,41.0,328,24,Female,Married,0,Day,6,14.0,3.5,84,0,Moderate
E0954,22.0,176,30,Female,Married,0,Day,4,12.0,7.0,84,0,Low
E0955,28.5,228,38,Male,Single,0,Day,2,13.5,0.0,0,5,Moderate
E0956,14.0,112,41,Male,Married,1,Day,3,12.0,4.5,0,5,Low
E0957,17.0,136,44,Female,Married,0,Night,10,13.5,1.0,84,0,Low
E0958,11.0,88,22,Female,Single,0,Day,4,14.0,1.5,84,0,Low
E0959,31.0,248,28,Male,Married,2,Day,4,11.0,7.0,0,2,Moderate
E0960,22.0,176,21,Female,Single,0,Day,3,14.0,1.0,84,0,Low
E0961,12.0,96,43,Female,Married,1,Day,6,11.0,6.5,84,0,Low
E0962,30.5,244,41,Male,Single,0,Day,0,7.5,0.0,0,5,Moderate
E0963,28.5,228,43,Male,Married,2,Night,2,7.5,0.0,0,5,Moderate
E0964,46.0,368,30,Female,Married,0,Day,12,8.0,0.0,84,0,High
E0965,47.0,376,34,Female,Married,1,Day,0,10.5,7.0,84,0,High
E0966,58.5,468,41,Female,Married,2,Day,7,14.0,0.0,84,0,High
E0967,78.0,624,23,Female,Single,1,Day,5,13.5,5.0,24,0,High
E0968,48.5,388,42,Female,Single,0,Day,12,13.5,0.0,84,0,High
E0969,23.0,184,38,Male,Married,1,Day,2,13.0,7.0,0,5,Low
E0970,11.5,92,32,Male,Single,0,Day,1,13.0,5.0,0,5,Low
E0971,43.0,344,24,Male,Married,1,Night,6,11.0,7.0,0,5,High
E0972,87.5,700,29,Female,Married,2,Day,6,4.5,0.0,28,0,High
E0973,39.5,316,33,Male,Single,0,Day,8,13.5,7.0,0,5,Moderate
E0974,91.0,728,39,Female,Married,2,Day,12,7.0,7.0,36,0,High
E0975,69.5,556,33,Female,Married,0,Day,9,11.5,0.0,84,0,High
E0976,41.5,332,25,Female,Single,0,Night,7,12.0,2.0,84,0,Moderate
E0977,6.5,52,43,Female,Married,1,Day,4,11.0,7.0,84,0,Low
E0978,39.5,316,37,Male,Single,1,Day,12,13.0,7.0,0,0,Moderate
E0979,44.0,352,22,Female,Single,0,Day,4,14.0,3.0,84,0,High
E0980,48.0,384,25,Male,Married,0,Night,6,13.5,0.0,0,5,High
E0981,40.5,324,25,Male,Single,0,Day,1,12.5,7.0,0,5,Moderate
E0982,31.0,248,38,Female,Single,0,Night,3,13.5,7.0,84,0,Moderate
E0983,17.0,136,28,Male,Single,0,Day,0,11.0,4.5,0,5,Low
E0984,127.0,1016,24,Female,Single,0,Day,3,14.0,0.0,0,0,High
E0985,39.0,312,27,Male,Married,0,Night,9,13.5,0.0,0,5,Moderate
E0986,31.0,248,28,Male,Married,1,Night,10,13.0,0.0,0,5,Moderate
E0987,34.0,272,37,Male,Married,2,Night,15,13.0,7.0,0,2,Moderate
E0988,31.5,252,28,Female,Married,0,Day,10,12.0,5.0,84,0,Moderate
E0989,49.5,396,39,Male,Single,0,Day,10,14.0,0.0,0,5,High
E0990,83.0,664,26,Female,Married,1,Night,6,14.0,6.5,16,0,High
E0991,57.5,460,36,Female,Married,1,Day,1,13.5,7.0,84,0,High
E0992,40.0,320,25,Male,Single,0,Day,2,14.0,0.0,0,5,Moderate
E0993,63.0,504,22,Female,Married,1,Day,4,8.5,0.0,84,0,High
E0994,15.5,124,31,Male,Married,1,Day,5,11.5,3.5,0,5,Low
E0995,47.0,376,42,Male,Married,0,Day,9,14.0,0.0,0,2,High
E0996,187.5,1500,24,Female,Married,1,Day,6,11.0,0.0,0,0,High
E0997,41.0,328,34,Female,Married,0,Day,2,14.0,1.0,84,0,Moderate
E0998,166.0,1328,42,Female,Married,2,Day,13,9.0,0.0,0,0,High
E0999,17.5,140,21,Female,Married,1,Day,2,13.0,7.0,84,0,Low
E1000,43.5,348,41,Female,Single,0,Day,0,9.0,0.0,84,0,High
